"Arango Vinent, Roberto",RobertoAArangoVinent
"Arce Ferrer, Luz Z.",LuzZArceFerrer
"Berdiel Rivera, Luis A.",LuisABerdielRivera
"Bhatia Gautier, Eduardo",EduardoBhatiaGautier
"Burgos Andújar, Norma E.",NormaBurgosAndújar
"Burgos Andújar, Norma E.",NormaEBurgosAndújar
"Dalmau Santiago, José L.",JoséLDalmauSantiago
"Dalmau Santiago, José L.",JoséLuisDalmauSantiago
"Díaz Hernández, José R.",JoséRamónDíazHernández
"Díaz Hernández, José R.",JoséRDíazHernández
"Fas Alzamora, Antonio",AntonioJFasAlzamora
"Fernández Rodríguez, Lisa M.",LizaMFernández
"Fernández Rodríguez, Lisa M.",LizaMFernándezRodríguez
"García Padilla, Alejandro J.",AlejandroGarcíaPadilla
"García Padilla, Alejandro J.",AlejandroGarcíaPadilla
"González Calderón, Sila M.",MaríaGonzálezCalderón
"González Calderón, Sila M.",SilaMaríaGonzálezCalderón
"González Calderón, Sila M.",SilaMaríGonzálezCalderón
"González Calderón, Sila M.",SilaMGonzálezCalderón
"González Velázquez, José E.",EGonzálezVelázquez
"González Velázquez, José E.",JoséEGonzálezVelásquez
"González Velázquez, José E.",JoséEGonzálezVelázquez
"Hernández Mayoral, Juan E.",JuanEHernándezMayoral
"Iglesias Suárez, Roger J.",RogerJIglesiasSuárez
"Martínez Maldonado, Héctor J.",HéctorMartínezMaldonado
"Martínez Santiago, Ángel",AngelMartínezSantiago
"Muñiz Cortés, Luis D.",LuisDMuñizCortés
"Nolasco Santiago, Margarita",MargaritaNolascoSantiago
"Ortíz Ortíz, Eder E.",EderEOrtizOrtiz
"Ortíz Ortíz, Eder E.",EderOrtizOrtiz
"Padilla Alvelo, Migdalia",MigdaliaPadillaAlvelo
"Peña Ramírez, Itzamar",ItzamarPeñaRamírez
"Raschke Martínez, Kimmey",KimmeyRaschkeMartínez
"Ríos Santiago, Carmelo J.",CarmeloJRíosSantiago
"Rivera Schatz, Thomas",ThomasRiveraSchatz
"Rodríguez Martínez, Miguel A.",MiguelARodríguezMartínez
"Rodríguez Martínez, Miguel A.",MiguelRodríguezMartínez
"Rodríguez Otero, Ángel M.",AngelMRodríguezOtero
"Romero Donnelly, Melinda K.",MelindaKRomeroDonne!ly
"Romero Donnelly, Melinda K.",MelindaKRomeroDonnelly
"Romero Donnelly, Melinda K.",MelindaRomeroDonnelly
"Santiago González, Luz M.",LuzMSantiagoGonzález
"Seilhamer Rodríguez, Lawrence N.",LawrenceSeilhamerRodríguez
"Soto Díaz, Antonio",AntonioSotoDíaz
"Soto Villanueva, Lornna J.",LornnaJSotoVillanueva
"Suárez Cáceres, Jorge",JorgeISuarézCáceres
"Suárez Cáceres, Jorge",JorgeISuárezCáceres
"Suárez Cáceres, Jorge",JorgeSuárezCáceres
"Tirado Rivera, Cirilo",Cirilo
"Tirado Rivera, Cirilo",CiriloTiradoRiver
"Tirado Rivera, Cirilo",CiriloTiradoRivera
"Torres Torres, Carlos J.",CarlosJavierTorresTorres
"Torres Torres, Carlos J.",CarlosJTorres
"Torres Torres, Carlos J.",CarlosJTorresTorres
"Torres Torres, Carlos J.",Torres
"Vázquez Nieves, Evelyn",EvelynVázquezNieves
